{
  "20": {
    "requests": 3249,
    "failures": 0,
    "rps": 321.26380850590726,
    "p50": 46,
    "p95": 100.0,
    "cpu_avg": 18.554545454545455,
    "mem_peak": 107.015625
  },
  "40": {
    "requests": 1696,
    "failures": 0,
    "rps": 169.02478915857964,
    "p50": 210.0,
    "p95": 320.0,
    "cpu_avg": 19.97,
    "mem_peak": 110.640625
  },
  "80": {
    "requests": 1259,
    "failures": 0,
    "rps": 125.88195342574241,
    "p50": 620.0,
    "p95": 920.0,
    "cpu_avg": 20.2,
    "mem_peak": 115.26171875
  },
  "160": {
    "requests": 1018,
    "failures": 0,
    "rps": 101.8892741877174,
    "p50": 1500.0,
    "p95": 1900.0,
    "cpu_avg": 20.110000000000003,
    "mem_peak": 122.3828125
  },
  "baseline_rps": 238.62614572598446
}
