{
  "requests": 2398,
  "failures": 9,
  "rps": 238.62614572598446,
  "p50": 16,
  "p95": 210.0,
  "cpu_avg": 17.790909090909093,
  "mem_peak": 67.19140625
}
